id,filename,label
0,f4da1e77cfbd47e9bf8030e471e0cd58.jpg,Naga
1,2390f5dcc0054cbe9100c2a794ea56e2.jpg,Naga
2,05b348ac8db74e5ba184a0f51afffee2.jpg,Naga
3,5460d1892fab4afdb555d223582105b0.jpg,Naga
4,0310279f903845648cf14214f7fbcaf4.jpg,Naga
5,855c9ba470ad4bdca08af8f4ea3f16dc.jpg,Naga
6,a75f8db7aa48476899016abf87777789.jpg,Naga
7,4589c8ddbdac4bf58243f603db7773f9.jpg,Naga
8,d561ab6a8bb14843a6674394fd6bcbf6.jpg,Naga
9,221bc127a7374cea862d64a6b0b77b34.jpg,Aseman
10,58b052c1d2ec4d1492723729661a553e.jpg,Aseman
11,c34d9409e98b46339b72f5952e055069.jpg,Aseman
12,11896d12aba64fa1bfd33b5c7555b36a.jpg,Aseman
13,64a5af5b615f49d9bf2e41b48c8383ee.jpg,Aseman
14,a73a57bb49f94a75b6c3ed42f9e02ac7.jpg,Aseman
15,037cffad45134b07937f0facc367f000.jpg,Aseman
16,3c7375342f734e8f8c487d67c544fd21.jpg,Aseman
17,9f0f313888264fdea1c929a0c20b4911.jpg,Aseman
18,eecdefec43b34b31b057d4704781177f.jpg,Aseman
19,bfe8a5494f22449ba69882d8c899b0ff.jpg,Aseman
20,cd658dc0a3e04854b115fb92097f762a.jpg,Aseman
21,54ea742c116b4efd80c4b22fa826a80b.jpg,Aseman
22,7f5947045c52416da9b0bad8400cadd1.jpg,Aseman
23,c5d952361a254f07afcd5955212c1326.jpg,Aseman
24,792d8cd96dff47519731382bce492b1b.jpg,Aseman
25,d5b3ffbab20740cc85860cfe79a34eee.jpg,Aseman
26,04b55a13aba641128f3cd106c62ffa01.jpg,Aseman
27,31e5ce634a064c76b1ff3d6870dcc913.jpg,Aseman
28,416d50c26bbc460794d7f22286fbed70.jpg,Aseman
29,d43de7e9a4cc40f5b49cb9b6cf06dd66.jpg,Aseman
30,bbec310ab8594e128cac29d8de4b468c.jpg,Aseman
31,9150478ef21a48a684f94b136f40b971.jpg,Aseman
32,72aa555c365c4db39e6a8353ff56b142.jpg,Aseman
33,5ff00a86fb104dd688cf1fe69e144e76.jpg,Aseman
34,46489ab3de1a40f19f91279882c9bf1d.jpg,Aseman
35,a5e758b23de84ff18c7f34160925145d.jpg,Aseman
36,c4980b32d37a4a04b646c96ee4e343a8.jpg,Aseman
37,c09b97b63c984e5fbd9bb6556bcae9ae.jpg,Aseman
38,016696651aaa47c68175a0d0a7db921d.jpg,Aseman
39,fe9bdf37320a4326b2a5b3bf8feb42f0.jpg,Aseman
40,d3790d4b3f4541e5a036eadcf25ef1a3.jpg,Aseman
41,a09180c717404c51b14813e6ed470b27.jpg,Aseman
42,2d8824f4a5bf4c059059ea5978545089.jpg,Aseman
43,7f49b68cd3024a839e67ec761b549d4d.jpg,Aseman
44,8cfdcf5058474e0996071a1134843118.jpg,Aseman
45,382022399ae34490a3ce4e5cd9edafcc.jpg,Aseman
46,bb9c0cb427c249f5b6ec1ffa726c3866.jpg,Aseman
47,ea310431b0a84854a9b048627e854511.jpg,Aseman
48,ed0f4762f27d44dea90457bb514e9a64.jpg,Aseman
49,e0f7add861b94373b5b346af02ee24f2.jpg,Aseman
50,45416aa2329549c68b8467797cbf7d4b.jpg,Aseman
51,b35db8b9405a43dcafa13b3a21651caa.jpg,Aseman
52,07fd5ed4aadc44f6a91ff8521dd780af.jpg,Aseman
53,b2178ecd05d84a77987f1f975a5ad168.jpg,Aseman
54,8855c8cdca4a411a983d6eb006d50a57.jpg,Aseman
55,5a5e4dd73bee4556b89c1d699c958e8d.jpg,Aseman
56,69f22450e5bf4804b135cf60c9431a66.jpg,Aseman
57,4e07e3274ac74299b85fffcf9ddcd6f1.jpg,Aseman
58,6d7783b9a2884f54bb3724f243c23a38.jpg,Aseman
59,80f3175539be4c318ca7018db920160c.jpg,Aseman
60,9aa2e5d9d6e94bd7b7f86ac6644b275d.jpg,Aseman
61,8ec0ef3417754e06ae2cfed9e91d48a0.jpg,Aseman
62,7a5bb8fbe30d4b468492b5eafe8e96e7.jpg,Aseman
63,9e671caf7a77480ab5c2dc78828ddcba.jpg,Aseman
64,392b09dc7f924c2a95ea5f5a7f3fe237.jpg,Aseman
65,dd8286ead8c34ef89f035c5e99ed31e7.jpg,Aseman
66,9361357fe6744fffbdbd0ed11fc1fddd.jpg,Aseman
67,ead1262b6f1a4aed9ba10e73e3aa411b.jpg,Aseman
68,d8793db45a844a54bbe67b22f608742b.jpg,Aseman
69,85eb41068c53461db4472a2429e84045.jpg,Aseman
70,eae78798e25242a48a5c899a7175f062.jpg,Aseman
71,3ec44840b7134003bf488ab7f025ba76.jpg,Aseman
72,224b534bf5f9423c9333a98196125271.jpg,Aseman
73,1868f4d07b1942ebab6329d1af4eb650.jpg,Aseman
74,30e7303265714da0bc0508eefd867b4c.jpg,Aseman
75,4534de8ade3e46d0bf8cb55a799ef7cd.jpg,Aseman
76,65124a5f46f54fe689a51b31f48ef3b3.jpg,Aseman
77,ada88fdbd3fb479e95b47e261028f228.jpg,Aseman
78,0dfafda5f9f04887bb8b869b77d0d720.jpg,Aseman
79,98534a4f75894841938030e57d564d84.jpg,Aseman
80,2cc80da4d7bc4a0a8fde54c0d86c8191.jpg,Aseman
81,296700cacebd4052aee47a32fcf5c225.jpg,Aseman
82,3baa7b4188cc482b8f65b59ccd6be2f1.jpg,Aseman
83,bed49c59ebf045bebbf793f2f7b8b90f.jpg,Aseman
84,2b5f6f10b8e8449399fc0b8cd41b1236.jpg,Aseman
85,be78436de81f4ec5862d1a3eca94700b.jpg,Aseman
86,bb461454e0b742c4a6c2d15ab024e1ff.jpg,Aseman
87,743a5d5ab26e4230aa17ee84ea5dde7d.jpg,Aseman
88,c18ff6aa802e469f9b7afee75034a854.jpg,Aseman
89,443bb8cf05324c6b8b4ba81205442579.jpg,Aseman
90,17200fd8d124410bb029eb589565d7af.jpg,Aseman
91,591307f9546f460fa0768a94175bbfc3.jpg,Aseman
92,94f4d59c5852457b89d5327261f0cc86.jpg,Aseman
93,e1c15ccf8e904fdc9427474904c817d5.jpg,Aseman
94,6d846787ffa146d1a5bb19040dac0918.jpg,Kontemporer
95,b85395b2a73d4f04a7abccf8bfbb1bc8.jpg,Kontemporer
96,bb955bc7f8be4794b97dbce88b7e5680.jpg,Kontemporer
97,156fc206280b4c65b2a10089625e90f9.jpg,Kontemporer
98,33404b92fac640da9ac75781a083bc68.jpg,Kontemporer
99,fc56e8c85cff4e45ab397a0fab4287fa.jpg,Kontemporer
100,01c8e22992e0462081143c0c3962c646.jpg,Kontemporer
101,1e5ec535e6f04d1dae805a21845ad3ae.jpg,Kontemporer
102,0ab27c8f19d84950835044bd667ab340.jpg,Kontemporer
103,bc538653078646dfbd674eb05a3fff38.jpg,Kontemporer
104,53e6f0c29571485c8804bd026371af84.jpg,Kontemporer
105,d6101d1fc1cf4740935a1ffa1a9e1b1a.jpg,Kontemporer
106,0b49313f339c4abfbf20205f1839e18a.jpg,Kontemporer
107,449ae06b91b44fe684027b4f3220278d.jpg,Kontemporer
108,5e921d85c9ef44528b5a782e85008fd2.jpg,Kontemporer
109,ee04f668c0924ee8a73fb17e6f6c577a.jpg,Kontemporer
110,1bfc391b0c804eff8c24d8cf0818fbb9.jpg,Kontemporer
111,9cc09997e2f748268d5cb36a160da5f8.jpg,Kontemporer
112,5f2bdd7502a8476aa4a453c3ab9ef0d3.jpg,Kontemporer
113,059eaed396884fd4b8d0d1a0a19327d1.jpg,Kontemporer
114,1992093a21344a679f5a92920dff61ea.jpg,Kontemporer
115,3734a531599d47bd864df30b07b2dda7.jpg,Kontemporer
116,b3f18f91f2624102a23858b3db13012e.jpg,Kontemporer
117,07b0d0d242804bf9933f7ed26b08e113.jpg,Kontemporer
118,396c53406c6f4664bf3f9c130cd67f63.jpg,Kontemporer
119,3b3fc433bf1d47588f4d7385790a09ab.jpg,Gringsing
120,9025c4469b0144108194bd821550bb0d.jpg,Bledak
121,3f8920898c4d441b9f086c5a41028a2a.jpg,Bledak
122,d83aa8d537ea43f7adcbcf7df25a2d27.jpg,Bledak
123,8d405220136a4087aef0c40a4e9fc43e.jpg,Bledak
124,b95b055d807d43ad98a5c3ea6c5a3f35.jpg,Bledak
125,8d0ccf427b084c7ebedd828cef167226.jpg,Bledak
126,b6b02d3bae7445feaa1fe281af830fee.jpg,Bledak
127,1ef13b0a33204b9099ab4b2459bfaee1.jpg,Bledak
128,2156e225d5d3476b8eca20dda84b0960.jpg,Bledak
129,9ef4e8d00357440093d7229892b1c045.jpg,Bledak
130,193a6624fbb641c882e2771e9dbf2f9a.jpg,Bledak
131,ce390551eb104e39a587c48f608a1cb6.jpg,Bledak
132,ea659d99f4e6474d99aa14bbf987d936.jpg,Bledak
133,f7ea9d3f3fac41cc80b09d52ebe3967d.jpg,Bledak
134,009d41433f834d338662597d53d1cd28.jpg,Bledak
135,deb8bb1f8ddf4f948839ec49a4e90cdd.jpg,Bledak
136,ead7a9149696490f80471b83d7e61ed3.jpg,Bledak
137,ba7f0f3a327f4b9298dc99d6671c526e.jpg,Bledak
138,e005e16a2b414cb3ac99cebb023fda52.jpg,Bledak
139,64901062053142fd90d75450842b8989.jpg,Bledak
140,befd06e27a264ce494c4fe375bf89d51.jpg,Bledak
141,79943d0076364102bcbc6c6f820b88c8.jpg,Bledak
142,a3c7d1533b7246688c07f8cce6480e06.jpg,Bledak
143,b9ec0002b1bb473491232e64ba5b15d9.jpg,Bledak
144,16a47312e19f47f7a2cbfd7fa9724aac.jpg,Bledak
145,0b813929f38640f2969452da4ee2ca3c.jpg,Bledak
146,0e1e0d2b0b84485fa4e747711002a1f3.jpg,Bledak
147,3e128c607db14de885c744452aab9538.jpg,Bledak
148,07aaa328eddf40bea80c586d07b9b934.jpg,Bledak
149,37eef6da302244babcf83af2140bf3fc.jpg,Bledak
150,c1ccb53b1e6e444f9039ab4d045b698a.jpg,Bledak
151,8171cc12ef904d30bea927a57d76d2e6.jpg,Bledak
152,5389cff4323649a49adf826dac71e2cd.jpg,Bledak
153,a26bdaf122594d94adb5b3c4fce73fba.jpg,Bledak
154,d37d66bd909a4fd49f6f494eb2772614.jpg,Bledak
155,765785b5f375430f9841470c05a5beac.jpg,Bledak
156,480d5f4ab64a405cb29ac70258c1f281.jpg,Bledak
157,7c51dee327484945aa2e17696491c038.jpg,Bledak
158,c315d64dc9b1483ca44cc8af7c94c440.jpg,Bledak
159,1b382588b43946c68e74364cba0f101a.jpg,Bledak
160,7f79d293a4dd4321bfbd72b8e0420320.jpg,Bledak
161,ae440828e7aa4a00870ee2e99d80944e.jpg,Bledak
162,f2382e8991564c25ba0bf3d53c1eeb74.jpg,Bledak
163,01ea046af358458e8f0e16b310def176.jpg,Bledak
164,9d46ae0a13ea432ab7ee9644484c61e6.jpg,Bledak
165,ddd8dc71386d48359ea08df4eabf0158.jpg,Bledak
166,04864a63da2944ccb7f6d83cecd91444.jpg,Bledak
167,6f0ec168c50a4e2ab2aecaf0382c3dba.jpg,Bledak
168,e5fa316cd6d14d5582c1b6736ab1ea8e.jpg,Bledak
169,d605ede0bba242dea749142d19f4a05c.jpg,Bledak
170,fea7de2922114c998e34591e08df23de.jpg,Bledak
171,fb97f6ac369341b7bd74476f38cd8dac.jpg,Bledak
172,ac1222d227bb47329f449fe386c3581f.jpg,Bledak
173,68cc49ff106449098c3f9c30faca17e8.jpg,Bledak
174,55324a2af2ea4b2998578f8507aa1b2c.jpg,Bledak
175,f72ba755840548fe91393cd9cd34d0f2.jpg,Bledak
176,f37be1edc3ff4f3295668fcd04aa0162.jpg,Bledak
177,8df23e845f3846668e5f5c0afdc615e9.jpg,Bledak
178,64ec968a71a24b9a8ca50a999a1c7e9a.jpg,Bledak
179,a4c0dc229f1b47ef9cb590961e945a98.jpg,Bledak
180,a9d768b3f1484486b75d066ebb0adf93.jpg,Bledak
181,7775a4cd20864a5b8f3151c81beb2681.jpg,Bledak
182,99291f74bfca4e9cac2dbbba110869c7.jpg,Bledak
183,24f2981fee8d435296eb64c2bb45b4ea.jpg,Bledak
184,a950cc30a9394a0495dbba16b20735c7.jpg,Bledak
185,20968f2b95ba4befac73120cd596d360.jpg,Bledak
186,0451e9e58593411b8e687dea8ae9af58.jpg,Bledak
187,5104a1062f9d4d00876b81c8292606d0.jpg,Bledak
188,2044515428d644b3a6b478a77d6cab23.jpg,Bledak
189,caaad239a632446c948b19ecf7f1e28e.jpg,Bledak
190,c65810853cbe45ec9bf92ad9f75b3edc.jpg,Bledak
191,1474bdbffd704923ad138a514b4e956a.jpg,Bledak
192,a0a125b960fb4d7db6cccd97b3cf7c90.jpg,Bledak
193,323bea8c89b8478cad49856050141aa1.jpg,Bledak
194,6742965e88914715aefc5e56ea631aa1.jpg,Bledak
195,123d5061c5974954ad6184296d8f4b3f.jpg,Bledak
196,64140474e1d54a92928eaf912094aa0d.jpg,Bledak
197,a72b3a0fd08240dca57220c0081266c0.jpg,Bledak
198,1bf8c37f13fd4a0992eb09066b4cf819.jpg,Bledak
199,4dbc0caf3ae34899a5de7bf98611aa3d.jpg,Bledak
200,8c8f6aeddda14e158b8ad3159abfc9e8.jpg,Bledak
201,cd3deeff649d45a19da7e99f3ad0f6d6.jpg,Bledak
202,90253de6e46e4ba9af2f7e1d8bdb5153.jpg,Bledak
203,1e763d2074bc4b78b3a9d638c6054229.jpg,Bledak
204,a9256a165988477ca419aecdce359cc5.jpg,Bledak
205,1ea6ed3fbdb6402fbd9691ce5d8129c4.jpg,Bledak
206,7587a229f9bd4a80875be24c6f7f8997.jpg,Bledak
207,69122dbbabc148aaa7c4ad0b92b582ea.jpg,Bledak
208,70d58b069eda4bc1bbd1d3a97ae3e8a8.jpg,Bledak
209,da4cc4abd43549daad006dec6f088131.jpg,Bledak
210,cd77bcf3a98a471b82ca36225425018d.jpg,Bledak
211,3511a31719604e5ca7287857d20f6e01.jpg,Bledak
212,813d2160681e4a658aa6884c2fa5cb47.jpg,Bledak
213,6bf4cb85360f424f85f2a53b5ea668ee.jpg,Bledak
214,fdd8c5e8387c4ace94cac44c4f62954b.jpg,Bledak
215,efa54a133dff465d99cdc024d84e1cc0.jpg,Bledak
216,d91127682cb643989f7deaca9544a3e4.jpg,Bledak
217,3152d88bcb674ad3acf322c330b32d63.jpg,Bledak
218,1d516087113346c4a1012d5cd6c3b136.jpg,Bledak
219,f0813722d70a4d22b6922abb3b27c7a7.jpg,Bledak
220,ccaa6203c26b49e6bec35def920a7099.jpg,Bledak
221,c344140ea0244f35a3f6cbab9aedfbb4.jpg,Bledak
222,c12d6b0f146f45109be95d4b2f5d5833.jpg,Bledak
223,0dfcf237c8244a3bb6c723226f2b1639.jpg,Bledak
224,bcaa3d2ab68f41978c02c1a1bfe8b835.jpg,Bledak
225,efae635e618c46e1a2fc153cbb72cfd7.jpg,Bledak
226,64f44b72a181445c8702414b50cd35ee.jpg,Bledak
227,2811cd163c604adda40f138fcca32576.jpg,Bledak
228,1a4add2f37ab4015bc3760c5b88c959d.jpg,Bledak
229,f5d07efa41e84d4d8f9c6a6cd3edac4e.jpg,Bledak
230,962652dd8c4d460c81deca076abc959b.jpg,Bledak
231,0664b3bda3db43f68ce8451cb3926915.jpg,Bledak
232,07661ffd75cd4f94b906bf947e4982c6.jpg,Bledak
233,5ff27ef5342145bea13f7180454358c3.jpg,Bledak
234,47267f9630d74acfbe1c84a3f8211c0d.jpg,Bledak
235,e8eef660da5b478593856d5b8f50bc23.jpg,Bledak
236,61ba6bb5791a4910b85d5e13a269c06b.jpg,Bledak
237,62cb2d81d17c4855a8a0307cb0b168f9.jpg,Bledak
238,8fda92a449b44e8c957355ae16f2362e.jpg,Bledak
239,1e1cda2dfe124997a3bece2710722e46.jpg,Bledak
240,06fa5587f80945ff80d9d00b85637c86.jpg,Bledak
241,ab054ba9ecdd419ca327343fe9973e45.jpg,Bledak
242,1544e34ce17b4c589861814bbe9d56e1.jpg,Bledak
243,6be202c3538944b5b125191db9db838c.jpg,Bledak
244,77a2c86ef6aa4b6183586abdaf2b0aa5.jpg,Bledak
245,b9b23512dde24c92983e174675be65d8.jpg,Bledak
246,f78632ff407941eb94841bf11eece35c.jpg,Bledak
247,2e941b4a29494800821de3cd92ff32e3.jpg,Bledak
248,4f70db47012d4caeaf9e8010cf2853d7.jpg,Bledak
249,e6df12dc648f4ca2a102c2f2f97b5042.jpg,Bledak
250,4b460a56bd08438e91dfd17896cbc63b.jpg,Bledak
251,0ff52337b4734a8bb6a5ed2774754ffa.jpg,Bledak
252,31952ecac9d5412981d5790549bab68f.jpg,Bledak
253,4c9b14534b9b402ca1490e3472461502.jpg,Bledak
254,5c4511157a8c4b5eb906f3c68d8d0d94.jpg,Bledak
255,5c36d66ba71844fc900e81546aa72199.jpg,Bledak
256,f72b861bb4e24ce29a54f0f74b7c0c91.jpg,Bledak
257,2fe38f203a4d4af9ba61e29eade7f34f.jpg,Bledak
258,c49f368b63c74aa1b755d66c34d1eae0.jpg,Bledak
259,50c054c5cb424845972e6b989c693020.jpg,Bledak
260,8854b75c685c47a7a9cc657ee4e9268a.jpg,Bledak
261,e6285ba7e8ab4c049c154e060d5f5dd3.jpg,Bledak
262,f76b0383a983413ea473b497ad1f52ce.jpg,Bledak
263,c7e4f1a790634630a1d6514c9eeb304b.jpg,Bledak
264,5b182894cbf94626ac09a98f64197bee.jpg,Bledak
265,8b9c9253ef0a40e58eaee8797cf95c52.jpg,Bledak
266,6cfae6f6a24b4db98f5b19d64646ad5c.jpg,Bledak
267,9de9fabffc424f52a6e55e7462b0d5b0.jpg,Bledak
268,eba8578d1c13451ba26cd749f9c57760.jpg,Bledak
269,dfc3e316abc64d6ba9c2659bba00e8eb.jpg,Bledak
270,5210dd53d3394709a8dc6819053f5141.jpg,Bledak
271,fe14d1562344440eadff2cf575c1252c.jpg,Bledak
272,81b971e778864e76b6def293d7251fca.jpg,Bledak
273,00df76caf242401896ca56c873aa5763.jpg,Bledak
274,28200d95df384a15b5200fceea8aa473.jpg,Bledak
275,165d30103e0542ccb817c75e9821fd45.jpg,Bledak
276,33bd309a196f445099b65aae4e50a373.jpg,Tumpal
277,86e7eaceae1340e582060e8aefa39565.jpg,Tumpal
278,7407be6e800d41cfa7de57229a1ee1fa.jpg,Tumpal
279,f67795f95e8d49b581bbb7915c895655.jpg,Tumpal
280,e4fa13336b3f4e4395760f54cc2e7208.jpg,Tumpal
281,7aca67fa681d4f2ab914573b23ce952c.jpg,Tumpal
282,d6d79fd3c7884492bd73920de26b534e.jpg,Tumpal
283,ca227d64a8ad42628b927bd09de9d902.jpg,Tumpal
284,b8f62abc4711448ab4f1f1c59bc0ce55.jpg,Tumpal
285,e2de484de6b5461d98753d7f19d477fa.jpg,Tumpal
286,4fe5037f2ab04eb58f8cc0da9fceabd2.jpg,Tumpal
287,392443fa12a445f28aae4e4120838431.jpg,Tumpal
288,9e2a049066754e3abbfd97672a93c3ab.jpg,Tumpal
289,b696c4ab01234834a4a9ad5de82bb83b.jpg,Tumpal
290,8109968ba46b4d6aafaa8984cb29d96d.jpg,Tumpal
291,6ee9c7002ba94b86971b1eee695e8d70.jpg,Tumpal
292,be56124b8c0e4452a31f36b31c1397d7.jpg,Tumpal
293,0ea5aad124df48c4988dea8ceed1b947.jpg,Tumpal
294,b50643d5820d41c486d4c433ff40f491.jpg,Tumpal
295,1e3591676735471398e085ecf241ee4a.jpg,Tumpal
296,553adb84c6e943b78775e18f8d4e07a4.jpg,Tumpal
297,aefdef66607d4c59831658e32043433f.jpg,Tumpal
298,7a56d54117784d16b4d25e2e81d3c8a0.jpg,Tumpal
299,45bbffa26ea745aa91c9fdba71fa5797.jpg,Tumpal
300,1fb1ab4531a64031bec71604824a98e2.jpg,Tumpal
301,15f91ea0a18f444b9fde1298bc62f572.jpg,Tumpal
302,a4f10dd66c3d454b8f154c3354975860.jpg,Tumpal
303,8aa03a8111b24333981f48eb1d18f1d8.jpg,Tumpal
304,43bc03ad545f438a9067d256114be610.jpg,Tumpal
305,5f61572832304fa9b8c7d1c04e76d2a6.jpg,Tumpal
306,658c15961beb43a38e5e772491fdc813.jpg,Tumpal
307,33fb9e7f028d44798d34df9da6564edf.jpg,Tumpal
308,ffd765e9ac794e34ae831ca1678ffb32.jpg,Tumpal
309,b2f2b3a4b33a4b3d86331dbbc48f6169.jpg,Tumpal
310,9f3904c6713642ba8a815ea1702fe53a.jpg,Tumpal
311,5c1fabb6a63b4061bf380743ead3f5aa.jpg,Tumpal
312,aead074d66db4fb8a06c525ca97f540a.jpg,Tumpal
313,0b89329b68844144a62cdfe37b0bfd2c.jpg,Tumpal
314,44e78460d6d8424cbbd9a51ae6fe97b8.jpg,Tumpal
315,b809fd6e484343fcabf0f9efc67a2976.jpg,Tumpal
316,38d272f57c014ef3861b88df3716e749.jpg,Tumpal
317,33a6e58f33994c1694b6ccd236aa1f32.jpg,Tumpal
318,e067b42b98fc40cc855a0bb82a8736ac.jpg,Tumpal
319,2e9a1978c06f401b950f7924b2b12011.jpg,Tumpal
320,a8a46ae352344116abf52eb4e7ee5ec1.jpg,Tumpal
321,eaa75811cc144380ac5a4b2bb375d76a.jpg,Tumpal
322,28da274d2f5a43d3b0c880073f2bca73.jpg,Tumpal
323,fff44ed274aa4140a03cb3a5046aadb4.jpg,Tumpal
324,27c74c8e898a49c683a93a8f16bb2205.jpg,Tumpal
325,ad4551a436954596ac49265840a61acd.jpg,Tumpal
326,9d71b326b94840c9810967ff07923016.jpg,Tumpal
327,05c2f61bbfcf4a48afe6e9683a3f6b38.jpg,Tumpal
328,b0b864070ab846afa857f596885cf060.jpg,Tumpal
329,42ad3ea695274117b9548f0149dc75f3.jpg,Tumpal
330,02ff37eb4dc24efeb4461ab63cca4cf2.jpg,Tumpal
331,1f58eb5a32be4c9ab93aaecc6b7bea4e.jpg,Tumpal
332,60888135b9d641639bdae1cf21839760.jpg,Tumpal
333,6a1afb65348d40d69e4677609a6ff756.jpg,Tumpal
334,ea2946343d8f4747a3aa08e5a8205e22.jpg,Tumpal
335,a986723215fb460b8981fc5908a9c81f.jpg,Tumpal
336,4aa48dc0bbea430bbd6505aff7d2e760.jpg,Tumpal
337,ab9baca08abb4391b32a3898131a13b6.jpg,Tumpal
338,e07ad0c1adc64952bc00cdb9296a2a22.jpg,Tumpal
339,1359c81371a847cf99540f252f582abd.jpg,Tumpal
340,2b37ee0792c54cb1999203f226805e8c.jpg,Tumpal
341,b01867d85a734919a1484c646b832678.jpg,Tumpal
342,2ba485a7b7f64b43b672adaed1561942.jpg,Tumpal
343,c2ff1ec1e44545c4becd55c5856df595.jpg,Tumpal
344,42a8d46f51474d6eb20eecdaa9a974d4.jpg,Tumpal
345,82a8dd32ab8b4bf2a885c3be3595ab9b.jpg,Tumpal
346,befbdd6d89b9445f86a98d47c645b91c.jpg,Tumpal
347,a6b9f0ffbf0a4fd99361e3f5e9f56fa1.jpg,Tumpal
348,94263792375747d1aeb160285746d4e2.jpg,Tumpal
349,23fb5fab2d5b47ba885ff9077f164b03.jpg,Tumpal
350,cf50f38910704c81af285e5dfd33c452.jpg,Tumpal
351,746c6d5f308843d888221eb24c006793.jpg,Tumpal
352,17f561501420477c93fb8cba403b0544.jpg,Tumpal
353,5eb14451cb594df7941459cfb0e1918e.jpg,Tumpal
354,1e06e7bf09c2436caab62e33b6b74eb2.jpg,Gunung Ringgit
355,62a647083e624285aaccb16040b18c9d.jpg,Gunung Ringgit
356,9f96b3a1e9a54b6aa76c411a77a78205.jpg,Gunung Ringgit
357,a71df557092b49d58aa16ae37cd1313c.jpg,Gunung Ringgit
358,e834a6094c6c4c73848475a7e16369cf.jpg,Gunung Ringgit
359,7cd92181b9dd43faab42c6c6d3949bb9.jpg,Gunung Ringgit
360,41e35e3aff8049f8ba51f534184faab0.jpg,Gunung Ringgit
361,ad4559dd9f954e8a9e9755df1db5b233.jpg,Gunung Ringgit
362,35dbd5c835414207afc05aeec0cbece4.jpg,Gunung Ringgit
363,acf80acd6ad641eaae603e782d6b5cbd.jpg,Gunung Ringgit
364,048d0fe376da4f80b9e2ced8fcd840db.jpg,Siang Malam
365,2c223b54653345fc8c76d7628dea805f.jpg,Siang Malam
366,2bfb718797854297a473d347eed059fe.jpg,Siang Malam
367,d1c89083998d436798d37d9f5677e023.jpg,Sekar Jagat
368,a6d382a742224f48bbf91f45184c032b.jpg,Sekar Jagat
369,4dd33e655d584ae8abaa9e020a44e537.jpg,Sekar Jagat
370,adcaa8be7a0c422f9cbf179b9d2442f8.jpg,Sekar Jagat
371,510c42f45252415f978a2a37ee52d9e2.jpg,Sekar Jagat
372,457e4fe6b4a5426c834c3ebf87b8236f.jpg,Sekar Jagat
373,e7b0d5ea952b4826a3c21e7d2359ba73.jpg,Sekar Jagat
374,6aee6f7eb0c949afb3d2f91e1218c251.jpg,Sekar Jagat
375,f57814949dbb4e059a5f4a08a488c374.jpg,Sekar Jagat
376,f1e7b53aea2147d1a33f76b2aad90a3c.jpg,Sekar Jagat
377,d219b6f6a07c49558972fa4ce3304fbe.jpg,Sekar Jagat
378,cc0bce21fabc4c2b86bafa11d7dcf2e7.jpg,Sekar Jagat
379,629450f67f8e44da9d3fd0594c980fbd.jpg,Sekar Jagat
380,0373506efc164f218f78c6c5cc9c5fcf.jpg,Sekar Jagat
381,f681ff2094214090a3003818dc0db3c3.jpg,Sekar Jagat
382,26457fc5d6a445158d7deacf6eb9f18f.jpg,Sekar Jagat
383,bef9182c07444ff68c9a0d0d2215e4b6.jpg,Sekar Jagat
384,97ee094c5401447c9572d3d88a8f6215.jpg,Sekar Jagat
385,2f8c4f6249754dee87366a45b8805eaf.jpg,Sekar Jagat
386,7190844cfcec4816a2f46f3b226ab134.jpg,Sekar Jagat
387,658d3fb55a3e4ccba16438929ffe982f.jpg,Sekar Jagat
388,afc71d0311774ed69d97ddf286808e80.jpg,Krecak
389,5889b631599e48db9ea27af3e0d4ef84.jpg,Krecak
390,1d1e4dc62f304e2493f57d79ae5fe9bc.jpg,Krecak
391,c652d4c528a641d5ae477f9fa880b16f.jpg,Krecak
392,3aed7559ff444a3a88bef09342377431.jpg,Krecak
393,0eb7cda174d04d508c2137162ff7b315.jpg,Krecak
394,e976e052e98947ca87ca5ff0bb78cd07.jpg,Krecak
395,f43f0514fda545ffb51991823f08008f.jpg,Krecak
396,0892a958b21f42cd91a5ed4a09a96ffc.jpg,Krecak
397,43709859d1804978818bb0b78b0fd284.jpg,Krecak
398,57b9f79791854a5291faf7defba41d9c.jpg,Krecak
399,22ff1cc805b84b788c56472d6d21255d.jpg,Krecak
400,4e52fb59d46544c486aa12f4d4149af8.jpg,Krecak
401,70167834390a45eba813e2888315063c.jpg,Krecak
402,b2dac12ad15c4fc196c11a3e43f088e9.jpg,Krecak
403,ca8f5531a9f846838a7fec8bde633e7c.jpg,Krecak
404,6c5d6dfb811d4cbba3374f1ca959bfe6.jpg,Krecak
405,ccc44f921218476783e228e32527e6fc.jpg,Krecak
406,3be24257fce04a6bbed06f897044a1f1.jpg,Krecak
407,6250bcb8ff8841abb5fafa80a4fcec1a.jpg,Krecak
408,85b9abe915964137b3199f01cb5f3875.jpg,Krecak
409,6cbeda8a64af42ee885154dbe63c939d.jpg,Krecak
410,856dae8a2eb749a38a4d2cba2b436740.jpg,Krecak
411,c03ad1c9b8794142a31e1dbdd7b7c726.jpg,Krecak
412,ec0d3ce329ba455494bb1ed833902cb1.jpg,Krecak
413,b978a8a08ce542928c9ab473b7bd26a3.jpg,Krecak
414,0e56dbdde5c14413a423ac9cd9231714.jpg,Krecak
415,1458f1bb5d8f400492fa8482fd32ce68.jpg,Krecak
416,58dcf2baf48b4501b7a530a9f1b42f5c.jpg,Krecak
417,63ad791c3b524c9db1a70ba5cd123354.jpg,Krecak
418,abab5d8b99a9425489079e89e4e47341.jpg,Krecak
419,beb50b1ffec84e66bf6bfe47d917798d.jpg,Krecak
420,68177044b5e0425c88aa3ae822a1df1e.jpg,Krecak
421,eb0810a6837a4057b50347619b4c4939.jpg,Krecak
422,4ade6e4a81024949bc661c6f7c073eee.jpg,Krecak
423,6a4ee8ac4fda464ba3d4a508eba92664.jpg,Unknown
424,d9c5054e81034f01b96bbb6538ba02c0.jpg,Unknown
425,f250287d21a94bcb815481073fd1e7fe.jpg,Unknown
426,f95390a923784a43bf7eae280784cdab.jpg,Unknown
427,107abac8311345938944601e004628b7.jpg,Unknown
428,fe746370c66440f9ae1b7e4cce15d35b.jpg,Unknown
429,f779bdf5466f4ff9ac3072f2af883ca8.jpg,Unknown
430,0fd832603938407caf57aac02e7b870b.jpg,Unknown
431,c91f6a3c44324d51a8c0639d7a90bdc4.jpg,Unknown
432,d6222fd34025452ab42399997a2918b3.jpg,Unknown
433,8a1380abf9ae4d0eba51dd9745310ee0.jpg,Unknown
434,f13e40f5a6d6402ebd540ebfbc341a5b.jpg,Unknown
435,294cd99214e842c0b1d7af13bbb777c1.jpg,Unknown
436,87561b1888d649289cf719be1d475d54.jpg,Unknown
437,b8f69f6047ae48a58f9b7dd856879fe3.jpg,Unknown
438,c02754d3eb11415c8559045f2628d2e8.jpg,Unknown
439,3f888e6711df4b37a27c578fbcf2922c.jpg,Unknown
440,7648b14682674a799631fb5172aa5385.jpg,Unknown
441,83c5910b015648b5bf4b518ca6f8b15e.jpg,Unknown
442,0b65229cab6c4c9dbe6169c51ec0ae8f.jpg,Unknown
443,67a5b98f172042b0a0042b0ad6db2124.jpg,Unknown
444,88423792a6b34be09954351b3b935403.jpg,Unknown
445,a458bdeed4d74169a9cffd14090c25a0.jpg,Unknown
446,8e5dce0e481444c4a2eb632a720631b3.jpg,Unknown
447,64c8df8f0eab4a23a6e6f38b41407b7a.jpg,Unknown
448,6a2927a68733460b8789fa434d171be5.jpg,Unknown
449,e607fb2c82b74833ae3efc8898c3381c.jpg,Unknown
450,9b0b060489bb47f2a49327079f43da5f.jpg,Unknown
451,507c797e08c04e3d88855e2079a480e9.jpg,Unknown
452,65231ce0cd8140beb286a8ef40bc17e5.jpg,Unknown
453,67f2bbcb5dd244d485d2bb0a87843003.jpg,Unknown
454,fce84ae63b7d46f3b0c5e9a481710ec6.jpg,Unknown
455,d71cc04e84d24af1860cab1e640f4c0f.jpg,Unknown
456,f08cc96efbf0445ebf6a9a6c7a3d82b0.jpg,Unknown
457,ad205e70088245c7a11e64cb1466b8eb.jpg,Unknown
458,065f73ec306e4e268aeec85a45707145.jpg,Unknown
459,b49bb32a591943e6a9d1e3a50f70bb02.jpg,Unknown
460,44e9edeb95d444b6a5687a1f36a235e3.jpg,Unknown
461,f520bcfa41244434874b187ade04a64e.jpg,Unknown
462,dfe235e764f9488d9921f5bd30cb162d.jpg,Unknown
463,9825d06c7c9445e2a87445aa5cc4dedd.jpg,Unknown
464,b41e2016628e475eab7d4f979c8ed289.jpg,Unknown
465,116d2f3341644fc6bc8ed92729672a23.jpg,Unknown
466,f2b9606f8b3f430fb63e630fb7202c53.jpg,Unknown
467,ebb0958988f34cbbba5e883ff7a4675a.jpg,Unknown
468,8fac6fa88d2543b69534ccc45b354ad6.jpg,Unknown
469,060e74f22fdc44df87bb7b83d6a2565b.jpg,Unknown
470,292d1e0af24d46159fe436406938072d.jpg,Unknown
471,9cda396b36ee4037b70abfd9dc3b04c8.jpg,Unknown
472,7be75696b3074c6cbfdf48ed7933f549.jpg,Unknown
473,d6794a9e79874b7aab9ab261624f0587.jpg,Unknown
474,6d4bae64ae92495da5669fbffe623e2f.jpg,Unknown
475,a096d59d7b63411694d5b738467aa98f.jpg,Unknown
476,39ee34cc2e7b4825938c34f6676cca2e.jpg,Unknown
477,c539a30828d9423ba88a0f633d7f0e41.jpg,Unknown
478,c8ef946b069e42b38738916ce88d331b.jpg,Unknown
479,d2d4397cc9884477871e83b639ab1aae.jpg,Unknown
480,b4107ffa4a804cc98d694752306b705b.jpg,Unknown
481,f441ee927d744b64ac21389fd015358f.jpg,Unknown
482,da6190d5155c47eeb6ef7176896ca624.jpg,Unknown
483,dee67edd11a4445ab2a4b081cb3b77f9.jpg,Unknown
484,9f34dd4f9fc241b39557318b8cefa158.jpg,Unknown
485,cf5b7982c71f411da79de477e6083b30.jpg,Unknown
486,9c39171f1a134b3facd4d03549b696c9.jpg,Unknown
487,8dcdcffde87b494d8ea4e52f345a2097.jpg,Unknown
488,62ac5c6041bc4c4a94d54e59023a00e8.jpg,Unknown
489,c736974320614ddaa7d9849ca7d5f9cf.jpg,Unknown
490,bdfbb1bde2e24c4096ae3eee8f643d18.jpg,Unknown
491,76724e2096904ec2a008844a02b161d4.jpg,Unknown
492,e7438b1b12a842b38c9925ac5c8b37cf.jpg,Unknown
493,79770aa163594af58c0216db913bc5f6.jpg,Unknown
494,32cd394332f14729a6391ba4c511d68f.jpg,Unknown
495,b2a57bc00ff44adb833b2b5c8c9e4c24.jpg,Unknown
496,4ac7c78095e243e09c2478563e310bfb.jpg,Unknown
497,154741ded70c4fff907fc8d1061800a0.jpg,Unknown
498,69782654b7114fc3a86e2550416faef7.jpg,Unknown
499,8a5fc5f167464965b83253f5df066cb2.jpg,Unknown
500,e61e7d8717604e8e857f6f24a6d4ad0e.jpg,Unknown
501,dec845d310454d29915f6bebb99dd54d.jpg,Unknown
502,c3706e271cca4a86ad1191ec974a06c1.jpg,Unknown
503,88c787c390c4448092d6ee8575384ac0.jpg,Unknown
504,ec87f13f055044dc8da3235235641fcf.jpg,Unknown
505,4cc3b6460cd54552b41653d7896bc811.jpg,Unknown
506,ddb4b93111f04002b5dadfedde9df37a.jpg,Unknown
507,b6cb9319f62b4819b07f41d57e2f5386.jpg,Unknown
508,41012c1df59f4b66bbdf315fb60e953b.jpg,Unknown
509,1b91b8cd68934e8fa95873b00a87f268.jpg,Unknown
510,4d7ead820ba049b28e60825c93a07b06.jpg,Unknown
511,6488216ce477457d99b95907f19d1239.jpg,Unknown
512,260fee51a606486a901b94ec6db1331a.jpg,Unknown
513,89eb2eecd66b4eaba4b5581e44f8e410.jpg,Unknown
514,0d46d21dd68145e38fc36d7553c13d26.jpg,Unknown
515,1a58e0881c5641b6836b84ceda6ee6ad.jpg,Unknown
516,0ce2a360ed09490c8da849b5e44fa1a7.jpg,Unknown
517,eba4a78921e34d889fccdcbe9a93a8ba.jpg,Unknown
518,79c83fe743f9433ebed6faec5ac55919.jpg,Unknown
519,f121f7ea647f4ecc861ab7ce1f36670b.jpg,Unknown
520,1e85b50db09c4a48be388c40165ad37f.jpg,Unknown
521,66829bad746e4d6c81eec0f67c2704d1.jpg,Unknown
522,c9c61c7883c2496b8db31e544fbd63fc.jpg,Unknown
523,410202f5a8064179bbd7b65814db4c80.jpg,Unknown
524,0c6916aa92ec4e3faae873f267d3f7c8.jpg,Unknown
525,5f56aff1cbce444b8f6b84746c036dc3.jpg,Unknown
526,249e8d5a301e4e78836ff06a6e10eb6f.jpg,Unknown
527,de1de06c2bb14f6b9460f3d062e7f4ac.jpg,Unknown
528,616f7b9bd95e46579537867d3ddcae72.jpg,Unknown
529,63348020b62e46879c665ca2828aef5d.jpg,Unknown
530,4b88d51d2115468fb94e37deb6cfce48.jpg,Unknown
531,a2921d2cb041403a8974b0e332db5d1f.jpg,Unknown
532,1ce37c62c86043cf81fcfc1ed89d9f13.jpg,Unknown
533,8491773b556c4b7fbb4d961608e05e56.jpg,Unknown
534,6b76edf2becd4c04b1897ce832c9026f.jpg,Unknown
535,5ebb39e2469748e0b1339fae00e77e0a.jpg,Unknown
536,7947e5207d8a47e4aa33ca5ece09dae9.jpg,Unknown
537,507209f4dc364ec384566a71f97dc1ea.jpg,Unknown
538,ef0eecbf7dc74a6bbd2db9831c4923bf.jpg,Unknown
539,b39926dfc3db4a5591bfcfbc19a7dbcc.jpg,Unknown
540,29f738fd94cd440f9e4bfbdda69bb697.jpg,Unknown
541,79ddbbc422c44d1ba617e7bc941e3c20.jpg,Unknown
542,95e578a2f0b641a782d81a94a4d0ad4e.jpg,Unknown
543,ada9dca15ea34bd1a8f9ea88f9f64314.jpg,Unknown
544,8eb0cfedea9b4146a11d7d9e5b858ba8.jpg,Unknown
545,9d9a66ccb443410a8a947862846b4689.jpg,Unknown
546,b500fea171254423906006d2dd1466d9.jpg,Unknown
547,bb42b12fb67843b6b0e3f2ec6678f2e3.jpg,Unknown
548,d13d0a2ced034e8c95d2cb0b08ad1d85.jpg,Unknown
549,cb0523a372434aea9b85e8399f230ac3.jpg,Unknown
550,2902c750d2234a5492ceaa716471e8cb.jpg,Unknown
551,b1e13d6a6ddc456da7aee9bd845aa9ad.jpg,Unknown
552,c76827fafbfc4876bdccc3b01f89fdaa.jpg,Unknown
553,e390060de22144b58096af88f9adee2d.jpg,Unknown
554,ccbd3904f9dc4917beb6540798a9b5f7.jpg,Unknown
555,94791349585a4b729b9747a8eac617aa.jpg,Unknown
556,177c4af3d57d4cdca4e8e68466e872b7.jpg,Unknown
557,73142503bd14412aad9ceedf35167c75.jpg,Unknown
558,422a3fc079ce4a89aa6f3c4951e22e5d.jpg,Unknown
559,c4558ff9900c4d7db086c1e1adf70404.jpg,Unknown
560,263f1a2caabc4f628c22b7de71cabc25.jpg,Unknown
561,a64d4250a1ef463ba2313f750b4a43ce.jpg,Unknown
562,aa1286ffc0364984ad183855124127e1.jpg,Unknown
563,d910c1bc099046ba908ef6867a8c71bb.jpg,Unknown
564,839c6ab87f2344319739815b96aff763.jpg,Unknown
565,8bedb962ac5b45f98f0ed3851b139429.jpg,Unknown
566,d6b51fcbbeae4570b0eb697400625590.jpg,Unknown
567,3e4ae83d35cb4f258ffd2ee391c1587f.jpg,Unknown
568,251b4fbfaff94b2e9dada31259bf332e.jpg,Unknown
569,c88ff0a659a2456c9a8b9941d41cd4a8.jpg,Unknown
570,07259f131c2d45df88509e7948156350.jpg,Unknown
571,e67c9469b5c44274ab67d863f219a488.jpg,Unknown
572,64a00bac6920444f844a05fd01f84887.jpg,Unknown
573,4575b83f94e44336b3979f25848a224b.jpg,Unknown
574,85a56512baa04e5bacad2455c13fce6e.jpg,Unknown
575,2da6bd330ffb4e8e95fc59b8ea0b5263.jpg,Unknown
576,929ea9b2fd3448909649f32e6f409871.jpg,Unknown
577,8a5a03469b5b4b37b9c6397235cfe9b6.jpg,Unknown
578,6ff6e41bfa9d4cd09e357a6132faac5f.jpg,Unknown
579,f4cda05d431f4b37b31a9289dd31e88b.jpg,Unknown
580,810206c887674c42b607f17e629fcbe0.jpg,Unknown
581,60a5d8ece370489198d10178db85133f.jpg,Unknown
582,a3875c90157f4545be8a54621d922e7b.jpg,Unknown
583,12bee131a56148d0826fbef380e31cd2.jpg,Unknown
584,c9e084d83b014b2fb9b11d4debc9cc12.jpg,Unknown
585,871e203cc386415dbdc4e262768a3c53.jpg,Unknown
586,665d363991ec423d822f0888e329152d.jpg,Unknown
587,cc967e3ddf864ba780442877089a9d4f.jpg,Unknown
588,e64bebcc287144f7b78c9e5184ccec34.jpg,Unknown
589,dd938077d2494f0196d42bb85bf782af.jpg,Unknown
590,8dccf8bb959843df994bc0fab7eba017.jpg,Unknown
591,eb867a958c1a4d3da1c3e5afb9ce0a84.jpg,Unknown
592,fcbf36b45cbb40eeb5e61c35b4bf3588.jpg,Unknown
593,f2461525fa764e378f0aef609b9dcf13.jpg,Unknown
594,ebd086f824454f95bd3776493ee8d068.jpg,Unknown
595,13e31ac705a549dd8efb7836969dcc37.jpg,Unknown
596,f59525cbb14a403590d8893c4881a742.jpg,Unknown
597,32751941df874ca09bd23f05757596f1.jpg,Unknown
598,303a005bf96a4d54bd5470142c1064cb.jpg,Unknown
599,602a62d3fa0b4552a5c4a1d3202eba3c.jpg,Unknown
600,73fb7276d38647eab4be6f6355ba7d1c.jpg,Unknown
601,df5ef85c79b449a0ab2bf22e82a4b2bf.jpg,Unknown
602,7e77628978f44b39a7fd07525dd394d0.jpg,Unknown
603,0281238f7e054bd9a95e50a383588280.jpg,Unknown
604,6b1730b317c944968574ecb73a8de1d5.jpg,Unknown
605,9a63e528d92c412cbfc8b3300485f0d5.jpg,Unknown
606,6dcb4b549a774e22be6c474974467d42.jpg,Unknown
607,46d2e43c23134542af591aa47db2a3b3.jpg,Unknown
608,789df2bfb5454f53b6c9f2345c96dd05.jpg,Unknown
609,746d329d20904fcf85ac574cc3adba3f.jpg,Unknown
610,d65f05a4f5814641894c10f7d978d869.jpg,Unknown
611,ad586e742d56479db24eae195c9cc93e.jpg,Unknown
612,06786ee0cf294e1f8925b49b034b45a8.jpg,Unknown
613,95fd752d5da940a7b795bdd75b4199ca.jpg,Unknown
614,8fd2431bfab349ec97b8a0b561f9bab3.jpg,Unknown
615,70804ade19f7416ba974aebc7854d328.jpg,Unknown
616,96a0c829373d41a6b923bda056d586c4.jpg,Unknown
617,d7a6e2d5acba4e25888bfe84115359b7.jpg,Unknown
618,933f427af3ee41ba94720b8a07c4944a.jpg,Unknown
619,3b46f5e3711e45b787ed44f89aad9160.jpg,Unknown
620,535679b7f13b4e30920dc7273a73513a.jpg,Unknown
621,98250c9900814e3c997cc55a1cc15b2b.jpg,Unknown
622,262c5c5c338543188581dbd463e56c9b.jpg,Unknown
623,82d9eb865210445897054fb24df8cbb6.jpg,Unknown
624,f39451051c4d4f91bf57b1d392723037.jpg,Unknown
625,97c2c0b94ef24064891d4f95038ec9db.jpg,Unknown
626,9f1b6aa1f6c04b16b4f510e5f26aebc1.jpg,Unknown
627,283fd96f9ce74a5f8b0168799b9a095f.jpg,Unknown
628,1ba1b82c0ed04358b2510a4a7fa6fd8d.jpg,Unknown
629,549eabe02c084d9e8972da610e6519d3.jpg,Unknown
630,fc41193553464c36860d1ce1edb6b5f2.jpg,Unknown
631,475a779b66a847efb9223d6d1c0d30d6.jpg,Unknown
632,8d9effd97c9942e483a05c7f7d53332c.jpg,Unknown
633,3168f46cfed34906a94cd97dfee12ec9.jpg,Unknown
634,d76603c7df6549c881e41122369092fc.jpg,Unknown
635,a96ed1c74ad641e496dd3491faddb864.jpg,Unknown
636,8bcf5751371440a4ace2de31bb527ae2.jpg,Unknown
637,d8cc0de636bc4aba8c7d6e7d03a78c4f.jpg,Unknown
638,c29ddba898be42abbccad2019cd04900.jpg,Unknown
639,b225648d59124debb236db908ed495c1.jpg,Unknown
640,5533c87fdcea42d18429593be00c34d4.jpg,Unknown
641,a82ce33fe4cf48838a8b06c575c93670.jpg,Unknown
642,71fddb3fdad34c42b4143e9177c1f6c8.jpg,Unknown
643,d90983eec5e547f28632c911a014e9e1.jpg,Unknown
644,10aae4bddbb54e97a7abbe932ae86fcf.jpg,Unknown
645,8d68dfe6485d44058b5bad5309f5ad3c.jpg,Unknown
646,e2cc082ad1f14b22ba322d4a147fe06b.jpg,Unknown
647,e458a62ceae14fd68434d977ef2fd98c.jpg,Unknown
648,63b6a5f0abf04ce193f70df8acbfe0e8.jpg,Unknown
649,909ce92316544a68b09f86b5bdcdd2ec.jpg,Unknown
650,ee9d7e2ba4fa47a688c6a8827f1861b9.jpg,Unknown
651,a33582bf16444fd9ac10cd6a30a88ce0.jpg,Unknown
652,20f00c1df6df4ef59cb7c3019eaa35f6.jpg,Unknown
653,a957673435314adfa148acdd31288249.jpg,Unknown
654,43b0cd50d9574ee1881324a9fac57d9d.jpg,Unknown
655,0a5ef760c3ef440bbd16f3d525758665.jpg,Unknown
656,5cbcb3b24993489e9827e16dce18beb3.jpg,Unknown
657,3309128b015d4ff9a2ec3d0a89b4239d.jpg,Unknown
658,a797501e341d49d0a92380e1acccec4d.jpg,Unknown
659,96e2b5b4de0e46b0aa8f90dda83b04a0.jpg,Unknown
660,18d949bde5ce4f73a6083419cbfb53da.jpg,Unknown
661,107c779204b14717bc8e4dd3f90c9efb.jpg,Unknown
662,8b1f3c4c19d145a196f95d0c0da09c10.jpg,Unknown
663,e3089a4b9d0e4adb8ab690bfc6de91d0.jpg,Unknown
664,729be5fc2d89488e847ac996d600bc3a.jpg,Unknown
665,356145c8d492401da6c45c62aec0be6e.jpg,Unknown
666,3816694f9cd7411bab2577495374a3a8.jpg,Unknown
667,b711ff59d1fe4cfcb4291dd5de0d294a.jpg,Unknown
668,8f1dc12886a844cbb206792527c7723a.jpg,Unknown
669,efbd93f7e61847b382405cb99260d217.jpg,Unknown
670,c378728b409746ba90d6aea4525c42ba.jpg,Unknown
671,d4fb5c4d80fd46a0843f7dff44185c6d.jpg,Unknown
672,1aba93657f784096afef7e42ab70c6cf.jpg,Unknown
673,736f085c3d0449049e6129140b080890.jpg,Unknown
674,1308008257534052b5573ba6c78fadaf.jpg,Unknown
675,71573144f5f24c198731e368edd76a9a.jpg,Unknown
676,155b4f9e253a4d67b81145198081f073.jpg,Unknown
677,6fefa844c73640b38bdd33296d90134c.jpg,Unknown
678,68fc4454ad0e49ada56fda42b03f247b.jpg,Unknown
679,dbd830ea90a4439191d2a4667bc9619d.jpg,Unknown
680,ce3acae4b2764bd098f8f4c4da6c644c.jpg,Unknown
681,30b08bb42e8e450a803289a38bf36eb4.jpg,Unknown
682,c3241e27bcfc44419f72027e014224f1.jpg,Unknown
683,e30589cf0eca490c9b6452a5f3346652.jpg,Unknown
684,ae258b71833f4424b3897a2b45709c5a.jpg,Unknown
685,b87a2f8752ae460aa5c0f6b6b551eb33.jpg,Unknown
686,14cbc602b4c94810bad05adf1ac903d4.jpg,Unknown
687,58efedc4313b4897a1b65676915132be.jpg,Unknown
688,e9ee288c091e48978a4ded860719cd22.jpg,Unknown
689,57f5f88c55984f90a3ce3a297350770f.jpg,Unknown
690,97d85778ac3348dab461b67eee0edaaf.jpg,Unknown
691,037b942556364c5caaa7609530423566.jpg,Unknown
692,df6d806b91284e6f831c9679132a693e.jpg,Unknown
693,9e07e2ec18bc44759344edfb7c944421.jpg,Unknown
694,c80fc80193a14c878860cf88af1217ac.jpg,Unknown
695,4f314cc09dbf41a3b83cf45b0a0ce166.jpg,Unknown
696,5b75573acd054f21b2ff78201d77706a.jpg,Unknown
697,c34b8431bf8945bf859a2caab1aa2333.jpg,Unknown
698,7d05214dbc5c4560abec614668713618.jpg,Unknown
699,24969a0865654ffd87219eb101ffdbaf.jpg,Unknown
700,00e63500f7404da195e734267329f1f8.jpg,Unknown
701,66429462e4cb402285ed5d6b04b351d6.jpg,Unknown
702,bd146c5d6c28470b89918cc84d6114d8.jpg,Unknown
703,8b7e095a84744eca8cb5b421a93848c9.jpg,Unknown
704,98eaae425833421b97a131e43c91d27b.jpg,Unknown
705,71512b00c05c47ecb131a0b37af58b95.jpg,Unknown
706,cc9479a027f7418b867553d55aa9b4b0.jpg,Unknown
707,ad457ffb217949a797090b1a49e3e0f4.jpg,Unknown
708,e141723081f24eeab21d21d79727b2ab.jpg,Unknown
709,343ebfc516054e709ef586e8d3b587a7.jpg,Unknown
710,1cf0f639823d4511b32eb5f35ee6c20e.jpg,Unknown
711,404792f25aad40bc9931fe68899b8481.jpg,Unknown
712,67d2ddd4c3584cb98337b2182d0103ab.jpg,Unknown
713,714caa80270940bfa548cc6eb5e14600.jpg,Unknown
714,8bf379aef6e14a3dad9e5236bc7e1b3e.jpg,Unknown
715,23506c9f955d41c2871ad6f00deea823.jpg,Unknown
716,59bba3c2519745098e88d8d7c3e2b1d7.jpg,Unknown
717,bf1da7a666214ad784c0ae60f5da16c9.jpg,Unknown
718,a6ecfb6459334f3d8ffb6d840f5464e5.jpg,Unknown
719,2949ace7f5a14de4a5d5c15d8debecff.jpg,Unknown
720,2ac12a4b7b4f4a9faa3a1a763d94eefb.jpg,Unknown
721,f09cb84f3572481286902b8e4399b790.jpg,Unknown
722,4e5bee5bbeeb44ba901e9aadffbe91cd.jpg,Unknown
723,166a9a4415c64a9d8965046bf455c615.jpg,Unknown
724,8fae590f354144b6b3dc489d861feba8.jpg,Unknown
725,6b6616cccc034cd0a38e2651e52b33c4.jpg,Unknown
726,50dd3b5375a54a5ebd7c4372cef64e27.jpg,Unknown
727,fe99fe73edbc4a41b02fcea2993c853f.jpg,Unknown
728,7ce50ae7bbf540b3a3fc92f5f4544311.jpg,Unknown
729,2602e58253b441da9de54262a54cfe43.jpg,Unknown
730,bb32f761ee084f58befda8652822bcbc.jpg,Unknown
731,b5e763cf8ef0459abd343b7783578b9a.jpg,Unknown
732,5ea4909580cb4f3eaecebd560f9458bc.jpg,Unknown
733,d48559d0a63f44cb85719a5fbb234763.jpg,Unknown
734,2d40d758dc1f46dcbae170128765fb44.jpg,Unknown
735,35d89b68518e4c029327118188f14cad.jpg,Unknown
736,50a9b65bc35c42f7aeccebe189792e03.jpg,Unknown
737,db90b01c31f7423892e1acbb2d674172.jpg,Unknown
738,f113723bc392435a916c822277ef7669.jpg,Unknown
739,5e4764bd7f254343a29bd4d522408354.jpg,Unknown
740,44ca0808d1bf4335a9699cecbd60b1d0.jpg,Unknown
741,7845286b0c8f41de962e4f84d7b993a9.jpg,Unknown
742,251e603b14504f16a03671c4f6bf2c18.jpg,Unknown
743,74e18a9ace7045e591f58e4db3445864.jpg,Unknown
744,e50dac7e05cc4ad89538a98f1b8ffd3b.jpg,Unknown
745,5791c8c5107d4515a1bc00dcb3323fe1.jpg,Unknown
746,2db028cce1704db3a44204be623c39fc.jpg,Unknown
747,463be31e20ee45e9b7b8894dc03a162d.jpg,Unknown
748,b14bc7f0ce77449ba8cacabcb6de6c15.jpg,Unknown
749,4308bbf8644745178030dc15dcdcc125.jpg,Unknown
750,05e25d0b98de41eea93198ded17bde85.jpg,Unknown
751,0948caba4e3241b98d11d02ed773a215.jpg,Unknown
752,60feb051b0d2490e9661a4d0793a0850.jpg,Unknown
753,cf48cfc6be704a489221cc3a6ea75156.jpg,Unknown
754,36479eac6511457ab5e095db19df98dd.jpg,Unknown
755,ed81cbc1ebec4578b9eda623bfe78e1f.jpg,Unknown
756,bbcfb6340a2d4e39ab4ee36fcc480682.jpg,Unknown
757,690ad6a98c084d77807ca06bec3c023c.jpg,Unknown
758,27f83fe5f5b040579a6aa28d4dfdd1cc.jpg,Unknown
759,46bff4c2860449aeabed5d6818341b22.jpg,Unknown
760,7c020d1093c64f49972c49250800f361.jpg,Unknown
761,530ca208305045ac9dd76f99b02ba40b.jpg,Unknown
762,33fea98b240c45e48ce95049160c018f.jpg,Unknown
763,3d39e69ae9604c3d9ebff4bd04c4053d.jpg,Unknown
764,7e6c2d85eb434a47a230b9e75fe14c90.jpg,Unknown
765,3cf71b11a1424e6183a498db3c7e5a60.jpg,Unknown
766,c7365e7c42e34d3d9528f5b2b7733397.jpg,Unknown
767,aaf4d7b88e84432ea6394195557eb6e6.jpg,Unknown
768,0b3fa736df584a9e83dc41577067850f.jpg,Unknown
769,55d7da1fc3db4c248c1929418071734b.jpg,Unknown
770,6f256463381e4a71bfdd4b44db5fca8b.jpg,Unknown
771,987f91fd05424b00a230ca493b48f5b3.jpg,Unknown
772,defbac2b1db14c8a86fe13cb202a8ae9.jpg,Unknown
773,a6d1d4e968334466bb0df73979a8788c.jpg,Unknown
774,a40dba015c814f5396d4247af58dd189.jpg,Unknown
775,28015b5754fe46ed85a23e07bcea1220.jpg,Unknown
776,7ccd84942fb74806be07d70070b13fbe.jpg,Unknown
777,814b0d9705ab4f86ad76749de2db64ad.jpg,Unknown
778,c15eb91159b04db283eb9589d34b398b.jpg,Unknown
779,79e189c1c1164ad5ad9896a9cdcbde84.jpg,Unknown
780,e0c3aca7bd2447c1a110cb139bd872da.jpg,Unknown
781,0eb6196aaaf5464b811cc19e42060820.jpg,Unknown
782,4b0814dc0fd748ebb312c6fac6775618.jpg,Unknown
783,27d3a869df7143f3a4d1ad6a9171700d.jpg,Latohan
784,3e2cc6282a394c7e92bc1b1af3673a9e.jpg,Latohan
785,b69ad5954c794da4914f97a0c102523a.jpg,Latohan
786,3f453a54116d4ee2becaa102e9f0a27d.jpg,Latohan
787,c3b5eac9bbf845cf85a129ba147a3521.jpg,Latohan
788,609be7fa5c214776a95429156b1bcad5.jpg,Latohan
789,e189db03f48d4dc69d8fcf1c9332b817.jpg,Latohan
790,39c603fa4f604d219d210fd2535a9607.jpg,Latohan
791,cb132f190b0e48cfb13946c7290bb0d0.jpg,Latohan
792,773cd6e3609743fdb76d2ae11a53ac26.jpg,Latohan
793,eed60b7af2e448d7ac0112240c7caa89.jpg,Latohan
794,67d8e96cb3eb4b18880b524dc3dc2966.jpg,Latohan
795,ddc7b32b920841e3bb83b6662e60e515.jpg,Latohan
796,203ab03f8ecb45c2840aed761d7e2f51.jpg,Latohan
797,efb976bc43184b9cb688c1f738aceab4.jpg,Latohan
798,39cc550510b04f488d6cb6b711981bbf.jpg,Latohan
799,eb58b7277ee54c0faa0f7f687e436999.jpg,Latohan
800,9eaa6256a8e04061932fdeacb39b2db8.jpg,Latohan
801,6037785484e041a98d4113d1376af466.jpg,Latohan
802,da6f7793e87141c9a63c61f9c26faabc.jpg,Latohan
803,538eb74ec2224552b365e9da4fb46341.jpg,Latohan
804,798a9daec39c47c69c10709ad7cf3807.jpg,Latohan
805,c3b10dcfd77543049f5ed5ad5e314a5e.jpg,Latohan
806,e0275ce164ed4cdca31008edbed7d168.jpg,Latohan
807,78a8b7bb55924711be0b5e7df671ba96.jpg,Latohan
808,e75b909837144f939e9b7f700b6d9350.jpg,Latohan
809,4fdf607139784faaad832dfefa8efd6c.jpg,Latohan
810,7454c64f429240688b8cf3e16375e351.jpg,Latohan
811,27ee0ab788bb4ad08a3be816c73092dd.jpg,Latohan
812,71f011e26db94416a11061f282f09f5f.jpg,Latohan
813,e848d9c3938b4331aaf6d8b86bc57a69.jpg,Latohan
814,bb87f477b33648a2886456df450743bc.jpg,Latohan
815,97f211743c7b4a719c486cc29edc59d4.jpg,Latohan
816,abe7bae03dff4471a2601e5bd36cca05.jpg,Latohan
817,4eec4c2223d94acf85efbd907a0491a0.jpg,Latohan
818,9d9eb52390b344f0876211d4f58adf03.jpg,Latohan
819,1ca84d24d710413aa7e53e61ce6cd230.jpg,Latohan
820,9f1e8b227da3402e8150678675d65ec0.jpg,Latohan
821,417127d067f54ec7a495e07efa51dea1.jpg,Latohan
822,311dd77cb4d24080ab073d9de0af8fd6.jpg,Latohan
823,ff2b4fbb44c44813908eb43f963d2b7c.jpg,Latohan
824,7f089ec56ecd4f1bbd5411dae48bfa83.jpg,Latohan
825,cf949da75a9b44f8a47ca82c9dce0d7c.jpg,Latohan
826,4a7be1007ee24adebf7dd81d9f22bded.jpg,Latohan
827,88ae0ed027084e25b6592a0593baaef0.jpg,Latohan
828,37a9d65fba61472e9e587d8ae55922fd.jpg,Latohan
829,efeb960ce0e14d61b5a99ce0f865bb7c.jpg,Latohan
830,6ae351bbe7e24747bba0cd10e39e9ada.jpg,Latohan
831,7a9ee76b17184dbfa97d76362ad399b6.jpg,Latohan
832,c06eb00bcccf44c680990947dfc74048.jpg,Latohan
833,2096fddbea6347ce87ce40060e9746f0.jpg,Latohan
834,07fafa254ec5429ab931e1c52df4ac59.jpg,Latohan
835,8174159a41924d2da697fbf64e47d5c2.jpg,Latohan
836,ecce6980b5ad4858a75d7b2a1c40bbd1.jpg,Latohan
837,699f0b919690491197ff3906bd240a2c.jpg,Latohan
838,0cdee029a6d143c7a2593c4e356895eb.jpg,Latohan
839,57d1d844943b435fa35992739200f6c7.jpg,Latohan
840,24d3a52004be459980f906c168517060.jpg,Latohan
841,e6c110a7cf8d4367bcd52fa7dceb6c6b.jpg,Latohan
842,2d0af12b1f1f44039590623aafa8e146.jpg,Latohan
843,5ed1deea2ed84186887c71f7b10b33d6.jpg,Latohan
844,28366f5efea3431bbf581020f14140ee.jpg,Latohan
845,dda98b371ecc4573830f8e1883318fd3.jpg,Latohan
846,aaa4860a288e461a98201ce438c24295.jpg,Latohan
847,28912efac6c34be282198c31273d9681.jpg,Latohan
848,75170caaf58c407caae9c2924aa0621b.jpg,Latohan
849,1bcbe59567c449acbc077596d88c392b.jpg,Latohan
850,601ceb23d1474d06a4280397064a8716.jpg,Latohan
851,5edba25ecffd4c7ca0a3d2f4161aafc2.jpg,Latohan
852,8b511b7ff1364bc983c81117f9776fd4.jpg,Latohan
853,8daf75407a8347f1a7a7708226541b09.jpg,Latohan
854,4d2ee11512a64cd7836afa282ccf43a3.jpg,Latohan
855,93449ba6396d4b989ae7dcc6936a1b24.jpg,Latohan
856,227bad8de095496ca33ea2340fb36d8f.jpg,Latohan
857,b7bdcf3d8a9147459713d765157a931e.jpg,Latohan
858,3c468eee201b4a0b9c972f856dcee71f.jpg,Latohan
859,592c576c01704c1f97012ffcb199d5c4.jpg,Latohan
860,e713e0259fe949ee93f6edb9e1d53c46.jpg,Latohan
861,a38a985f5e2145ef84e22b9839b61c41.jpg,Latohan
862,73163c8209ee4a9b8fbb077b4dfdfa96.jpg,Latohan
863,a68859ee6a524956b74460360e444dbc.jpg,Latohan
864,367cc418defd49f9917716c8e2cb73ec.jpg,Latohan
865,261994ec0e674ef1b866279428ac2d60.jpg,Latohan
866,925981f35aa243028aa017d43bf47ded.jpg,Latohan
867,777f2191201c464b9cb63963f42ab919.jpg,Latohan
868,ceed633c26014a30b46941068fdbca21.jpg,Latohan
869,86d50b5dff1d4528af2c70d168f94080.jpg,Latohan
870,dbfef137402f484a9d4e3b8e9ecfb273.jpg,Latohan
871,7d2e107be75648dd904ef3b1b80a1532.jpg,Latohan
872,5f60c11586fe4184938e04fb668ca7e5.jpg,Latohan
873,a784827d6ef84d4ba18f7198b52ce8aa.jpg,Latohan
874,dcf4ab2f7f634a639f2164d827f108f8.jpg,Latohan
875,440821b5594e4b6a98a661a6b56c2d66.jpg,Latohan
876,dc9ea46d204d4b40ba571f33bb7b2105.jpg,Latohan
877,d93b80e1af58420c87ce2bd5f1210dfb.jpg,Latohan
878,f1ea3a606ae145aa9ac2ac75f0cad651.jpg,Latohan
879,f2786e8ba7b64bcfb5b3d4ac338fe7ad.jpg,Latohan
880,94f8d674382e4677b306b28721ace03a.jpg,Latohan
881,32e6dec4bf8a49eea9dab0c1f038d6e8.jpg,Latohan
882,24c7bc6485374da6aec62f8a5d9385b2.jpg,Latohan
883,df492154c91f4d65a09a75a690281a62.jpg,Latohan
884,fe4aed00897340178517d9375de53a33.jpg,Latohan
885,27050673702e4b4d95015693bc259afc.jpg,Latohan
886,ba084295604a45ccb0093238b579ea63.jpg,Latohan
887,c4f253b9283d47a19fa1277529dd2ee2.jpg,Latohan
888,c63012b7600e40d88434bfaa3e7a86a2.jpg,Latohan
889,e843c16a00d041349c8f78a4395f64b8.jpg,Latohan
890,5d7acad8b8354feb9c40030f78403e67.jpg,Latohan
891,2f317f2a22fb4ab7bccd576f55a0656c.jpg,Latohan
892,eeb1f83ab9174daf8f1313c01d959b65.jpg,Latohan
893,1c79acdce5c44c7eaea6eeadaedc44bc.jpg,Latohan
894,d775fca0bcf04a7f9b9941d362cbda69.jpg,Latohan
895,df9e3377c10441d5a140ac04da3efb5b.jpg,Latohan
896,5fca792339654a5b906c61ec5faefa02.jpg,Latohan
897,0cc0c01beb2149e4b2e041cc26bf4a08.jpg,Latohan
898,66547bfa5ecb4f23ae4b62bd04643623.jpg,Latohan
899,9066cd494b3c4488ab14417f26949b8d.jpg,Latohan
900,1095500bf2794344a3c5d105783cc9ee.jpg,Latohan
901,fe219f29c4b84856bb3aa1e56a618932.jpg,Latohan
902,3ce91fd3a66f4da6a9d55f0b685cf1f7.jpg,Latohan
903,fab3f3c4d9c84ad8bf629da44d2ce835.jpg,Latohan
904,d87ef4ccd5b142dfad27081a7cbac01b.jpg,Latohan
905,1c26cda10ff84ec1892295afb3fb9082.jpg,Latohan
906,8edd568a80bf4f449fb147932349269b.jpg,Latohan
907,4ed3bba581cf41118ce30a1d95a2e0da.jpg,Latohan
908,5981ce6ef44d4b87a6b8b86958983b5b.jpg,Latohan
909,2595a7f5ee6245959bc7a6f3ac1bd6c7.jpg,Latohan
910,d0a906ea20b84676aedb5532b6ebaa41.jpg,Latohan
911,8b891aabb6014a82951e539d450c217e.jpg,Latohan
912,a1af3cec51e44c6495aa52118e20b0e7.jpg,Latohan
913,4e15cbbdebf0445d8ad300d07bcf5543.jpg,Latohan
914,be63747469224311b5245aaebbf3bcb0.jpg,Latohan
915,eb36443866d64220b8ccf94c0f5ca765.jpg,Latohan
916,dfca8538a3084a769d7c2ef81d77072e.jpg,Latohan
917,78798340293a4b858fe6732084f1fbcf.jpg,Latohan
918,dd466f5cbd954fff88e6c8e46512fab9.jpg,Latohan
919,cb71336a723343b2ac3efd494b331f93.jpg,Latohan
920,6e079ed40a684e049189d586e5a9f3ef.jpg,Latohan
921,632651c28f104608bf2e13d76b627752.jpg,Latohan
922,4b7b10345d964e8395817ffab9692203.jpg,Latohan
923,ce90fe3a5dc34f5b8153c38cbf1cb401.jpg,Latohan
924,fa27267d05134e509a9993a144d62afb.jpg,Latohan
925,2fd04a59e1c04ab0ad028a3ba7aed2fd.jpg,Latohan
926,a316d283aead4f2a8f1751bb2b251ed0.jpg,Latohan
927,1b3fd9e7253b4c729508fe27369008f5.jpg,Latohan
928,44a2056d058b448da6e00be6190943d1.jpg,Latohan
929,26bbf01ca4bb45e8b5725e14fa87e286.jpg,Latohan
930,0dd559ea209349f7bf1c966115488d7a.jpg,Latohan
931,8109f81bf6954c4e8ec787fa8c897300.jpg,Latohan
932,17069853dbd14faf96505166c13efec2.jpg,Latohan
933,dd6531fe46b24789b3de4ddaeacfad69.jpg,Latohan
934,8fda3392609d4993b6c1bf858a81f673.jpg,Latohan
935,3133cf37c3ed4b5196efbfbb2e245901.jpg,Latohan
936,b1a57f81fa064f7daf48ec8acd5143a3.jpg,Latohan
937,251be35c91d643fa9e7a04c675fbea48.jpg,Latohan
938,add06191d22645eb868be97f25f4cdce.jpg,Latohan
939,6f77374ce82a494294cf6e7ba779c473.jpg,Latohan
940,0377d455d2174af8a2e30f9635b83e38.jpg,Latohan
941,89998e85e97f410884c0aa9625c818d5.jpg,Latohan
942,5b45ae4b32054a0da9e7b132ca8d0703.jpg,Latohan
943,78966ab848284eb98ec49c9fdbe17068.jpg,Latohan
944,748b8ff404eb4b59951883ccaf77650d.jpg,Latohan
945,e6509a8a2b6a4f289320b2578ed5aebc.jpg,Latohan
946,b425783db48144b4ba363866c4709cd8.jpg,Latohan
947,713a3c3f8db94fccbb33bb8ea6d957ea.jpg,Latohan
948,c8d9bbe41d7545338da794aa4a598800.jpg,Latohan
949,06773d72363c452fa0711006d2848e4f.jpg,Latohan
950,179e0c9f7a294f98b8f7361d6edac9ad.jpg,Latohan
951,fc7322c7bb334055beb6821d684da5c9.jpg,Latohan
952,bb80af028cbe41ee899ee4014cae1193.jpg,Latohan
953,fda990ad34134e60baaaad7565233122.jpg,Latohan
954,e6745a05f9814b9e849ff89e0c802785.jpg,Latohan
955,5afe1ef4cec34f958ec4179ac5df9ce6.jpg,Latohan
956,1f2290066c7d4c19ad03a4845fed87a8.jpg,Latohan
957,8c583c7648994669909ce0a35010c311.jpg,Latohan
958,963f71c31b1d4668b3da895cbcd496f7.jpg,Latohan
959,cdc3bcc0ea03487c8be12245cb4d7bb0.jpg,Latohan
960,99f32aa38b044a85942ff2143565008a.jpg,Latohan
961,24fcf0ccf45242a29fdc67576ad35eb5.jpg,Latohan
962,ee2cc77b86304cbfac27a865c6b7d9d1.jpg,Latohan
963,ff3453bf88294db29bf3524d71903262.jpg,Latohan
964,2195fa352ce94d67a6eda26c20e014d6.jpg,Latohan
965,1abd9bfb54814b2e8df50420d090487a.jpg,Latohan
966,d4377a105fef4036a02b9f0350917d77.jpg,Latohan
967,9430ed4ff324441ca2c22e2e3dca53a3.jpg,Latohan
968,1deda39dc5d8488ea3aeb3d683c99e0d.jpg,Latohan
969,f2ccda17a75749c1b5364cd0d424a72b.jpg,Latohan
970,026303fb3a41448f938e3044299e06da.jpg,Latohan
971,c353565bee844df4b1a8fe28276cb1ab.jpg,Latohan
972,b4f97f342bdf43698bfd341e83e5f056.jpg,Latohan
973,ab28ce8a8d89469f8ca7f8689d545eb5.jpg,Latohan
974,ca7e517fede0437e84ae0f820af942a7.jpg,Latohan
975,6925d7bd803a4995b949472867eff793.jpg,Latohan
976,45248202111c4486bbb1c7521c2659e3.jpg,Latohan
977,0d4b8c41fa364241913ced68d91525b3.jpg,Latohan
978,cb495238e54a4b688a0833c40a0edc93.jpg,Latohan
979,61d5669047d14051b2d2cc89ae42b522.jpg,Latohan
980,c8ce80ac9c8746d88eb6689dbe04e5c3.jpg,Latohan
981,cd904cbb78654215a933c0fa0c58f362.jpg,Latohan
982,57fcb2e220ca424385bad90256351dbe.jpg,Latohan
983,d45a4e7fdff247f3b6518ee9cf85e6f5.jpg,Latohan
984,da92fc4323814ad888e94fafd9da99b3.jpg,Latohan
985,591eaa1165e34051b346b534e5e35e34.jpg,Latohan
986,8108e91760ab4eeea5f0c2391ece89eb.jpg,Latohan
987,9dfbb74979834016aa19e24623dc421a.jpg,Latohan
988,3c8b3817e00949f0b6c89636370e5144.jpg,Latohan
989,a719b4f1b90d49629a8dc734f52bfb75.jpg,Latohan
990,d293648d7b5c46b58fb137b63d138b80.jpg,Latohan
991,9d77a5567372434d94f3f0f38090e3c2.jpg,Latohan
992,9a04f1f946974d919577a46f6a1c9a07.jpg,Latohan
993,8c8d5c17457644a48480482c815e2931.jpg,Latohan
994,c93486a80e4d4e2f87020b70bb00b8e1.jpg,Latohan
995,404ad16802c5480cb0d283c37327b0c0.jpg,Latohan
996,fb69b7db0fcc4f0b9b19fbb4d7ed99df.jpg,Latohan
997,0489f61756a049299cd43220a3a234fc.jpg,Latohan
998,a8503f82d675487596fafdfa238ce9e7.jpg,Latohan
999,b5fcf195d9bf42b7b609f359e824b598.jpg,Latohan
1000,29b91ee777154319acf35146599e76f0.jpg,Latohan
1001,80424fe6b80d4493952988669b94b552.jpg,Latohan
1002,fcf1c24c235f45debdce45a0b14f1d1d.jpg,Latohan
1003,93da06c9eb9245ae931081e67afdab21.jpg,Latohan
1004,de68296ddfd140909e297d4c041eea6e.jpg,Latohan
1005,729003992a504f26b338a81e3f0ed47a.jpg,Latohan
1006,2a7617b72c2d4780be8ea726b47df818.jpg,Latohan
1007,b838d9db10924131b3c685d3d61a8596.jpg,Latohan
1008,b624e463e7294cee942d4dc8abc640ca.jpg,Latohan
1009,8f72ba5dd4d74954ac0420f6c9045640.jpg,Latohan
1010,90454850984f443095a9d0cdb4b53240.jpg,Latohan
1011,bb61390e4db04a789d644db06908a2c3.jpg,Latohan
1012,509a36554ad84c608422599e3ee8b762.jpg,Latohan
1013,3725aec0056e43a59ca01685cb85a550.jpg,Latohan
1014,1559a9154b89476fb74e2fce36909e0c.jpg,Latohan
1015,fbcc859186d34c0699c39e77f185debd.jpg,Latohan
1016,0b5b36eca8ee48c1a1925d2f12ba812d.jpg,Latohan
1017,fd8e6c6368b6425395dc56b9e5b6f9b9.jpg,Latohan
1018,d50fa8c27de24078a88b010508453510.jpg,Latohan
1019,fe0df22b781942879fb8bcb2f50fcc5f.jpg,Latohan
1020,5455d9a921de4856b78e465c0466dcd4.jpg,Latohan
1021,18a3829f73294a25a35d3e5a3919832f.jpg,Latohan
1022,167233240b924e12a8f4b4a54ff6b7ab.jpg,Latohan
1023,c1dde5e79fbe407ab540834380794c65.jpg,Latohan
1024,39fcde1142d345689f3642847cc5b3d2.jpg,Latohan
1025,13e567aae6bb4cb585b5fd6c085b3b5f.jpg,Latohan
1026,ae64f4236d3c4949bf4431a42f615d6b.jpg,Latohan
1027,2310cc03abda4021947c5a9f16d12e8a.jpg,Latohan
1028,b2ceae7bca5d41978fafa26f6f81a28d.jpg,Latohan
1029,c7b561eaa907485fafe439a84103cd24.jpg,Latohan
1030,ef6f379c51cc4cc2b7c0ceddaac291ed.jpg,Latohan
1031,5c9e0b4044eb424f9fd54ce81d102b29.jpg,Latohan
1032,b97d4eff97e04c3f8e1184f49e54bb0a.jpg,Latohan
1033,1516c87e02d64b5ea5820ed31731347c.jpg,Latohan
1034,0a289782a9c04ae2b72c70e4c5ecabf7.jpg,Latohan
1035,18767c461eeb4dcb93f9b2b3b1f56d3b.jpg,Latohan
1036,56e294e8ada84fe1b864bfc30ec85cd1.jpg,Latohan
1037,d5815c671ba9495b9000f4ac0d3b625c.jpg,Latohan
1038,6d4a47dcc48d43f4a5061f598a245bea.jpg,Latohan
1039,c97ae637756044dd8e6ea2e730d71cc5.jpg,Latohan
1040,a4f27cef29224b3092c6a9d281e572d6.jpg,Latohan
1041,21b82a79aaa24383afcc3bafa4522af0.jpg,Latohan
1042,a1c23b82bb91494b8be212c53954d9c8.jpg,Latohan
1043,ae19633ee3ec4e91b801992f5ba53274.jpg,Latohan
1044,0d9a32cd14b146dd9f055b1fa3c0b661.jpg,Latohan
1045,d117c2827faa42a4a2c4d519f064d239.jpg,Latohan
1046,4c1caab259224b9c8bf4def34afd8de7.jpg,Latohan
1047,3a9627b3ec464017a72f7650fe85b6aa.jpg,Latohan
1048,a2e402c5bb844945955978637996f050.jpg,Latohan
1049,b7e91bf3467e47b097d08c6651e75267.jpg,Latohan
1050,7bf255be5c5d425bb6adcec110e9089f.jpg,Latohan
1051,b885fbbad9134f19877422c06a568b7a.jpg,Latohan
1052,562dd4c702684d2bb59ce51d2dcba7a0.jpg,Latohan
1053,90b3fd98adc9477d9a89240f240db76e.jpg,Latohan
1054,d1eaceafba5d4ce0a1e03cf6ffd18082.jpg,Latohan
1055,b333eba6d27a4cb18796881046b9fe3a.jpg,Latohan
1056,553e5172f6064421a00d2424335b4a94.jpg,Latohan
1057,9755343e4143491891ddad4076fb455b.jpg,Latohan
1058,38363c3dcb2542809d42856af81e0395.jpg,Latohan
1059,9f87072d136f4b18b51495c04a4c005c.jpg,Latohan
1060,0b60f44ccc064a5f94f0ac3367ad5b38.jpg,Latohan
1061,3c7d267abf3545c082e7e3253314c1cd.jpg,Latohan
1062,2c1276e5470946df99b75a95a496030f.jpg,Latohan
1063,07675adf75f64b0382da7d8fbe89bf02.jpg,Latohan
1064,a6b4185279e44702847cfce77a377c8c.jpg,Latohan
1065,af743aefc6304927b4a1a127cf596380.jpg,Latohan
1066,32dd279cb77646b1878d17ff9b0d576a.jpg,Latohan
1067,4571f5267ce44dad97363230b063e43e.jpg,Latohan
1068,44ef3fda83b64e2ca4c362805c33e2ec.jpg,Latohan
1069,db2aab0f6fc842d9a3edc7e14441dffc.jpg,Latohan
1070,928f2d4e63384362bd13bf79647d6ff8.jpg,Latohan
1071,74e819e7361b4d11bb48327b08dfe473.jpg,Latohan
1072,0ec3efb6cb414283b0cee61fa4843be0.jpg,Latohan
1073,34b9661ccd754e778f2da5f0e714c524.jpg,Latohan
1074,dc341549e132491796e7f2311f1fbaab.jpg,Latohan
1075,a97f6caf2c2b402b81ee4e918e990c5f.jpg,Latohan
1076,945505623fc441788b8f006c2325089b.jpg,Latohan
1077,0f37f77237ab46f3b465b83142979b18.jpg,Latohan
1078,ef8e6b334678438884068502b7f9dc85.jpg,Latohan
1079,acd23274305c4d68af798603d3673773.jpg,Latohan
1080,4f26aef769844037ac4abc0470873735.jpg,Latohan
1081,7c40fc9125aa4981ab0ac632fa69817a.jpg,Latohan
1082,9640c86a8d8c4afb824f4959b64ce046.jpg,Latohan
1083,a3c4efddbdb64e8e96795dac61421f43.jpg,Latohan
1084,c7a3503c58fe4ff98c3c07b5f9a450bc.jpg,Latohan
1085,f4968316906045a19b1443a4efb1c6e9.jpg,Latohan
1086,fba722a1f29b43ad882a6d5509d670e5.jpg,Latohan
1087,43ec7e3caf30471e9d50f06e095d3b7b.jpg,Latohan
1088,026ff3872c6a4b4e93e3bc4fe378f123.jpg,Latohan
1089,66f1a9c053c34baeb7f67e0b20673acb.jpg,Latohan
1090,a70d75776561469681ecaf3be35b382e.jpg,Latohan
1091,809334f8e3e041b987a44e0c4283b036.jpg,Latohan
1092,0add78e59e244dc4997e6963ee41ff72.jpg,Latohan
1093,ac16669d1bfc48ae906417287d28a48e.jpg,Latohan
1094,3f0ea4da8ed7466080052e963527acaf.jpg,Latohan
1095,8d5f1c8502b84dc0be2c8ad28e5dc73e.jpg,Latohan
1096,f1ae6d39b31744d6845cafb4786d95f4.jpg,Latohan
1097,465b3849bf994b94809c0d634ac40be0.jpg,Latohan
1098,3ecd0cc73ea5492f9d869e6196279c8d.jpg,Latohan
1099,53c136dca04340bfa56d8a0bfe2a868f.jpg,Latohan
1100,7af921dd9d274a02a51d1938bef04a3f.jpg,Latohan
