id,label
0,Bledak
1,Unknown
2,Latohan
3,Latohan
4,Unknown
5,Latohan
6,Bledak
7,Unknown
8,Latohan
9,Latohan
10,Unknown
11,Unknown
12,Unknown
13,Unknown
14,Bledak
15,Unknown
16,Bledak
17,Bledak
18,Bledak
19,Latohan
20,Unknown
21,Unknown
22,Tumpal
23,Unknown
24,Latohan
25,Unknown
26,Unknown
27,Unknown
28,Unknown
29,Tumpal
30,Bledak
31,Unknown
32,Latohan
33,Latohan
34,Bledak
35,Latohan
36,Bledak
37,Tumpal
38,Unknown
39,Unknown
40,Unknown
41,Latohan
42,Unknown
43,Latohan
44,Tumpal
45,Latohan
46,Krecak
47,Tumpal
48,Latohan
49,Bledak
50,Bledak
51,Latohan
52,Latohan
53,Bledak
54,Bledak
55,Latohan
56,Unknown
57,Unknown
58,Latohan
59,Latohan
60,Latohan
61,Bledak
62,Latohan
63,Latohan
64,Tumpal
65,Latohan
66,Unknown
67,Latohan
68,Unknown
69,Tumpal
70,Bledak
71,Latohan
72,Bledak
73,Latohan
74,Unknown
75,Bledak
76,Krecak
77,Latohan
78,Latohan
79,Latohan
80,Latohan
81,Unknown
82,Latohan
83,Bledak
84,Unknown
85,Unknown
86,Latohan
87,Bledak
88,Latohan
89,Unknown
90,Unknown
91,Tumpal
92,Tumpal
93,Unknown
94,Bledak
95,Latohan
96,Unknown
97,Latohan
98,Unknown
99,Latohan
100,Latohan
101,Latohan
102,Unknown
103,Latohan
104,Latohan
105,Latohan
106,Unknown
107,Krecak
108,Latohan
109,Unknown
110,Unknown
111,Unknown
112,Bledak
113,Bledak
114,Latohan
115,Unknown
116,Latohan
117,Latohan
118,Unknown
119,Unknown
120,Bledak
121,Unknown
122,Latohan
123,Tumpal
124,Unknown
125,Latohan
126,Tumpal
127,Gunung Ringgit
128,Latohan
129,Unknown
130,Latohan
131,Latohan
132,Krecak
133,Unknown
134,Bledak
135,Krecak
136,Unknown
137,Unknown
138,Latohan
139,Unknown
140,Tumpal
141,Unknown
142,Latohan
143,Unknown
144,Unknown
145,Unknown
146,Bledak
147,Latohan
148,Bledak
149,Latohan
150,Tumpal
151,Latohan
152,Latohan
153,Bledak
154,Tumpal
155,Bledak
156,Unknown
157,Latohan
158,Unknown
159,Bledak
160,Unknown
161,Unknown
162,Unknown
163,Bledak
164,Unknown
165,Unknown
166,Bledak
167,Latohan
168,Latohan
169,Bledak
170,Latohan
171,Latohan
172,Unknown
173,Latohan
174,Bledak
175,Unknown
176,Tumpal
177,Unknown
178,Unknown
179,Tumpal
180,Latohan
181,Tumpal
182,Bledak
183,Latohan
184,Tumpal
185,Latohan
186,Unknown
187,Bledak
188,Unknown
189,Bledak
190,Latohan
191,Latohan
192,Latohan
193,Unknown
194,Unknown
195,Krecak
196,Unknown
197,Bledak
198,Krecak
199,Unknown
200,Latohan
201,Unknown
202,Bledak
203,Unknown
204,Latohan
205,Bledak
206,Bledak
207,Tumpal
208,Unknown
209,Krecak
210,Tumpal
211,Unknown
212,Unknown
213,Unknown
214,Latohan
215,Latohan
216,Latohan
217,Unknown
218,Unknown
219,Latohan
220,Latohan
221,Unknown
222,Tumpal
223,Latohan
224,Unknown
225,Unknown
226,Unknown
227,Latohan
228,Latohan
229,Latohan
230,Unknown
231,Bledak
232,Tumpal
233,Unknown
234,Unknown
235,Unknown
236,Latohan
237,Latohan
238,Unknown
239,Unknown
240,Latohan
241,Unknown
242,Unknown
243,Unknown
244,Bledak
245,Unknown
246,Unknown
247,Latohan
248,Latohan
249,Latohan
250,Unknown
251,Krecak
252,Bledak
253,Latohan
254,Bledak
255,Unknown
256,Tumpal
257,Unknown
258,Latohan
259,Tumpal
260,Latohan
261,Latohan
262,Latohan
263,Unknown
264,Bledak
265,Unknown
266,Latohan
267,Unknown
268,Unknown
269,Latohan
270,Unknown
271,Bledak
272,Unknown
273,Sekar Jagat
274,Krecak
275,Latohan
276,Latohan
277,Latohan
278,Unknown
279,Unknown
280,Unknown
281,Unknown
282,Latohan
283,Unknown
284,Tumpal
285,Latohan
286,Tumpal
287,Latohan
288,Latohan
289,Latohan
290,Latohan
291,Tumpal
292,Unknown
293,Bledak
294,Unknown
295,Unknown
296,Krecak
297,Krecak
298,Sekar Jagat
299,Unknown
300,Unknown
301,Bledak
302,Bledak
303,Latohan
304,Krecak
305,Bledak
306,Latohan
307,Latohan
308,Krecak
309,Tumpal
310,Bledak
311,Latohan
312,Bledak
313,Bledak
314,Latohan
315,Unknown
316,Tumpal
317,Latohan
318,Unknown
319,Latohan
320,Latohan
321,Latohan
322,Unknown
323,Latohan
324,Krecak
325,Latohan
326,Unknown
327,Unknown
328,Latohan
329,Latohan
330,Unknown
331,Bledak
332,Latohan
333,Unknown
334,Latohan
335,Latohan
336,Krecak
337,Unknown
338,Bledak
339,Latohan
340,Krecak
341,Unknown
342,Unknown
343,Latohan
344,Unknown
345,Bledak
346,Krecak
347,Tumpal
348,Unknown
349,Bledak
350,Latohan
351,Latohan
352,Latohan
353,Latohan
354,Unknown
355,Unknown
356,Unknown
357,Latohan
358,Bledak
359,Bledak
360,Bledak
361,Latohan
362,Latohan
363,Unknown
364,Latohan
365,Unknown
366,Unknown
367,Latohan
368,Unknown
369,Unknown
370,Latohan
371,Latohan
372,Bledak
373,Bledak
374,Unknown
375,Gunung Ringgit
376,Unknown
377,Tumpal
378,Unknown
379,Latohan
380,Latohan
381,Latohan
382,Latohan
383,Unknown
384,Unknown
385,Latohan
386,Latohan
387,Latohan
388,Latohan
389,Latohan
390,Tumpal
391,Latohan
392,Latohan
393,Latohan
394,Unknown
395,Unknown
396,Bledak
397,Bledak
398,Tumpal
399,Unknown
400,Krecak
401,Bledak
402,Bledak
403,Latohan
404,Latohan
405,Latohan
406,Latohan
407,Bledak
408,Tumpal
409,Latohan
410,Latohan
411,Tumpal
412,Bledak
413,Gunung Ringgit
414,Latohan
415,Unknown
416,Latohan
417,Unknown
418,Unknown
419,Latohan
420,Unknown
421,Bledak
422,Unknown
423,Unknown
424,Unknown
425,Latohan
426,Unknown
427,Unknown
428,Latohan
429,Latohan
430,Latohan
431,Tumpal
432,Latohan
433,Latohan
434,Latohan
435,Latohan
436,Sekar Jagat
437,Latohan
438,Latohan
439,Latohan
440,Latohan
441,Latohan
442,Latohan
443,Unknown
444,Latohan
445,Unknown
446,Bledak
447,Krecak
448,Unknown
449,Tumpal
450,Latohan
451,Latohan
452,Siang Malam
453,Unknown
454,Unknown
455,Unknown
456,Latohan
457,Unknown
458,Bledak
459,Latohan
460,Latohan
461,Krecak
462,Gunung Ringgit
463,Unknown
464,Latohan
465,Latohan
466,Unknown
467,Bledak
468,Latohan
469,Latohan
470,Latohan
471,Latohan
472,Unknown
473,Latohan
474,Latohan
475,Latohan
476,Latohan
477,Unknown
478,Bledak
479,Tumpal
480,Bledak
481,Unknown
482,Latohan
483,Bledak
484,Unknown
485,Unknown
486,Latohan
487,Unknown
488,Unknown
489,Unknown
490,Unknown
491,Bledak
492,Unknown
493,Unknown
494,Bledak
495,Krecak
496,Unknown
497,Latohan
498,Bledak
499,Unknown
500,Latohan
501,Latohan
502,Unknown
503,Bledak
504,Unknown
505,Unknown
506,Unknown
507,Unknown
508,Gunung Ringgit
509,Bledak
510,Unknown
511,Tumpal
512,Tumpal
513,Latohan
514,Latohan
515,Latohan
516,Latohan
517,Latohan
518,Unknown
519,Tumpal
520,Unknown
521,Krecak
522,Latohan
523,Latohan
524,Gunung Ringgit
525,Latohan
526,Unknown
527,Bledak
528,Latohan
529,Latohan
530,Unknown
531,Bledak
532,Bledak
533,Latohan
534,Unknown
535,Latohan
536,Unknown
537,Latohan
538,Unknown
539,Latohan
540,Bledak
541,Latohan
542,Unknown
543,Latohan
544,Latohan
545,Unknown
546,Bledak
547,Krecak
548,Bledak
549,Unknown
550,Tumpal
551,Unknown
552,Tumpal
553,Unknown
554,Latohan
555,Bledak
556,Bledak
557,Latohan
558,Unknown
559,Tumpal
560,Latohan
561,Latohan
562,Tumpal
563,Latohan
564,Latohan
565,Tumpal
566,Unknown
567,Krecak
568,Tumpal
569,Unknown
570,Unknown
571,Bledak
572,Latohan
573,Latohan
574,Unknown
575,Tumpal
576,Latohan
577,Krecak
578,Unknown
579,Unknown
580,Latohan
581,Krecak
582,Krecak
583,Bledak
584,Bledak
585,Tumpal
586,Latohan
587,Tumpal
588,Unknown
589,Unknown
590,Unknown
591,Unknown
592,Latohan
593,Latohan
594,Latohan
595,Unknown
596,Latohan
597,Latohan
598,Unknown
599,Tumpal
600,Bledak
601,Bledak
602,Latohan
603,Unknown
604,Unknown
605,Latohan
606,Latohan
607,Latohan
608,Bledak
609,Latohan
610,Bledak
611,Latohan
612,Unknown
613,Latohan
614,Latohan
615,Tumpal
616,Bledak
617,Latohan
618,Latohan
619,Latohan
620,Krecak
621,Latohan
622,Unknown
623,Tumpal
624,Unknown
625,Unknown
626,Latohan
627,Latohan
628,Unknown
629,Bledak
630,Unknown
631,Bledak
632,Tumpal
633,Latohan
634,Tumpal
635,Tumpal
636,Unknown
637,Krecak
638,Unknown
639,Unknown
640,Latohan
641,Latohan
642,Bledak
643,Bledak
644,Unknown
645,Bledak
646,Latohan
647,Latohan
648,Krecak
649,Unknown
650,Bledak
651,Latohan
652,Unknown
653,Unknown
654,Unknown
655,Tumpal
656,Latohan
657,Unknown
658,Unknown
659,Tumpal
660,Unknown
661,Latohan
662,Latohan
663,Krecak
664,Tumpal
665,Bledak
666,Unknown
667,Latohan
668,Bledak
669,Bledak
670,Unknown
671,Unknown
672,Unknown
673,Unknown
674,Unknown
675,Unknown
676,Tumpal
677,Latohan
678,Unknown
679,Unknown
680,Unknown
681,Unknown
682,Bledak
683,Unknown
684,Latohan
685,Unknown
686,Tumpal
687,Latohan
688,Unknown
689,Unknown
690,Unknown
691,Krecak
692,Bledak
693,Latohan
694,Latohan
695,Bledak
696,Latohan
697,Unknown
698,Tumpal
699,Latohan
700,Latohan
701,Latohan
702,Sekar Jagat
703,Latohan
704,Unknown
705,Unknown
706,Krecak
707,Latohan
708,Unknown
709,Unknown
710,Tumpal
711,Latohan
712,Latohan
713,Unknown
714,Bledak
715,Latohan
716,Latohan
717,Bledak
718,Unknown
719,Unknown
720,Unknown
721,Unknown
722,Latohan
723,Bledak
724,Latohan
725,Bledak
726,Unknown
727,Bledak
728,Tumpal
729,Latohan
730,Tumpal
731,Unknown
732,Bledak
733,Latohan
734,Latohan
735,Unknown
736,Bledak
737,Bledak
738,Krecak
739,Latohan
740,Bledak
